--
-- PostgreSQL database dump
--

-- Dumped from database version 16.4
-- Dumped by pg_dump version 16.4

SET statement_timeout = 0;
SET lock_timeout = 0;
SET idle_in_transaction_session_timeout = 0;
SET client_encoding = 'UTF8';
SET standard_conforming_strings = on;
SELECT pg_catalog.set_config('search_path', '', false);
SET check_function_bodies = false;
SET xmloption = content;
SET client_min_messages = warning;
SET row_security = off;

SET default_tablespace = '';

SET default_table_access_method = heap;

--
-- Name: tb_brand; Type: TABLE; Schema: public; Owner: postgres
--

CREATE TABLE public.tb_brand (
    brandid integer NOT NULL,
    description character varying(255),
    name character varying(255)
);


ALTER TABLE public.tb_brand OWNER TO postgres;

--
-- Name: tb_brand_brandid_seq; Type: SEQUENCE; Schema: public; Owner: postgres
--

ALTER TABLE public.tb_brand ALTER COLUMN brandid ADD GENERATED BY DEFAULT AS IDENTITY (
    SEQUENCE NAME public.tb_brand_brandid_seq
    START WITH 1
    INCREMENT BY 1
    NO MINVALUE
    NO MAXVALUE
    CACHE 1
);


--
-- Name: tb_cart; Type: TABLE; Schema: public; Owner: postgres
--

CREATE TABLE public.tb_cart (
    cartid bigint NOT NULL,
    productid bigint,
    quantity integer NOT NULL,
    total_price double precision,
    userid bigint
);


ALTER TABLE public.tb_cart OWNER TO postgres;

--
-- Name: tb_cart_cartid_seq; Type: SEQUENCE; Schema: public; Owner: postgres
--

ALTER TABLE public.tb_cart ALTER COLUMN cartid ADD GENERATED BY DEFAULT AS IDENTITY (
    SEQUENCE NAME public.tb_cart_cartid_seq
    START WITH 1
    INCREMENT BY 1
    NO MINVALUE
    NO MAXVALUE
    CACHE 1
);


--
-- Name: tb_categories; Type: TABLE; Schema: public; Owner: postgres
--

CREATE TABLE public.tb_categories (
    categoryid bigint NOT NULL,
    description character varying(255),
    name character varying(255)
);


ALTER TABLE public.tb_categories OWNER TO postgres;

--
-- Name: tb_categories_categoryid_seq; Type: SEQUENCE; Schema: public; Owner: postgres
--

ALTER TABLE public.tb_categories ALTER COLUMN categoryid ADD GENERATED BY DEFAULT AS IDENTITY (
    SEQUENCE NAME public.tb_categories_categoryid_seq
    START WITH 1
    INCREMENT BY 1
    NO MINVALUE
    NO MAXVALUE
    CACHE 1
);


--
-- Name: tb_color; Type: TABLE; Schema: public; Owner: postgres
--

CREATE TABLE public.tb_color (
    colorid integer NOT NULL,
    color_name character varying(255)
);


ALTER TABLE public.tb_color OWNER TO postgres;

--
-- Name: tb_color_colorid_seq; Type: SEQUENCE; Schema: public; Owner: postgres
--

ALTER TABLE public.tb_color ALTER COLUMN colorid ADD GENERATED BY DEFAULT AS IDENTITY (
    SEQUENCE NAME public.tb_color_colorid_seq
    START WITH 1
    INCREMENT BY 1
    NO MINVALUE
    NO MAXVALUE
    CACHE 1
);


--
-- Name: tb_favorite; Type: TABLE; Schema: public; Owner: postgres
--

CREATE TABLE public.tb_favorite (
    favoriteid bigint NOT NULL,
    count integer NOT NULL,
    productid bigint,
    userid bigint
);


ALTER TABLE public.tb_favorite OWNER TO postgres;

--
-- Name: tb_favorite_favoriteid_seq; Type: SEQUENCE; Schema: public; Owner: postgres
--

ALTER TABLE public.tb_favorite ALTER COLUMN favoriteid ADD GENERATED BY DEFAULT AS IDENTITY (
    SEQUENCE NAME public.tb_favorite_favoriteid_seq
    START WITH 1
    INCREMENT BY 1
    NO MINVALUE
    NO MAXVALUE
    CACHE 1
);


--
-- Name: tb_invoice; Type: TABLE; Schema: public; Owner: postgres
--

CREATE TABLE public.tb_invoice (
    invoiceid integer NOT NULL,
    add_code character varying(255),
    full_name character varying(255),
    order_date timestamp(6) without time zone,
    paymentid bigint NOT NULL,
    price double precision
);


ALTER TABLE public.tb_invoice OWNER TO postgres;

--
-- Name: tb_invoice_invoiceid_seq; Type: SEQUENCE; Schema: public; Owner: postgres
--

ALTER TABLE public.tb_invoice ALTER COLUMN invoiceid ADD GENERATED BY DEFAULT AS IDENTITY (
    SEQUENCE NAME public.tb_invoice_invoiceid_seq
    START WITH 1
    INCREMENT BY 1
    NO MINVALUE
    NO MAXVALUE
    CACHE 1
);


--
-- Name: tb_material; Type: TABLE; Schema: public; Owner: postgres
--

CREATE TABLE public.tb_material (
    materialid integer NOT NULL,
    material_name character varying(255),
    size character varying(255)
);


ALTER TABLE public.tb_material OWNER TO postgres;

--
-- Name: tb_material_materialid_seq; Type: SEQUENCE; Schema: public; Owner: postgres
--

ALTER TABLE public.tb_material ALTER COLUMN materialid ADD GENERATED BY DEFAULT AS IDENTITY (
    SEQUENCE NAME public.tb_material_materialid_seq
    START WITH 1
    INCREMENT BY 1
    NO MINVALUE
    NO MAXVALUE
    CACHE 1
);


--
-- Name: tb_newspaper; Type: TABLE; Schema: public; Owner: postgres
--

CREATE TABLE public.tb_newspaper (
    id bigint NOT NULL,
    description character varying(10000),
    image_url character varying(255),
    title character varying(255)
);


ALTER TABLE public.tb_newspaper OWNER TO postgres;

--
-- Name: tb_newspaper_id_seq; Type: SEQUENCE; Schema: public; Owner: postgres
--

ALTER TABLE public.tb_newspaper ALTER COLUMN id ADD GENERATED BY DEFAULT AS IDENTITY (
    SEQUENCE NAME public.tb_newspaper_id_seq
    START WITH 1
    INCREMENT BY 1
    NO MINVALUE
    NO MAXVALUE
    CACHE 1
);


--
-- Name: tb_order; Type: TABLE; Schema: public; Owner: postgres
--

CREATE TABLE public.tb_order (
    orderid bigint NOT NULL,
    code_order character varying(255),
    order_date character varying(255),
    paymentid bigint NOT NULL,
    status character varying(255),
    total_price double precision,
    userid bigint
);


ALTER TABLE public.tb_order OWNER TO postgres;

--
-- Name: tb_order_orderid_seq; Type: SEQUENCE; Schema: public; Owner: postgres
--

ALTER TABLE public.tb_order ALTER COLUMN orderid ADD GENERATED BY DEFAULT AS IDENTITY (
    SEQUENCE NAME public.tb_order_orderid_seq
    START WITH 1
    INCREMENT BY 1
    NO MINVALUE
    NO MAXVALUE
    CACHE 1
);


--
-- Name: tb_orderdetail; Type: TABLE; Schema: public; Owner: postgres
--

CREATE TABLE public.tb_orderdetail (
    order_detailid bigint NOT NULL,
    orderid bigint,
    price double precision,
    productid bigint,
    quantity integer NOT NULL,
    status character varying(255)
);


ALTER TABLE public.tb_orderdetail OWNER TO postgres;

--
-- Name: tb_orderdetail_order_detailid_seq; Type: SEQUENCE; Schema: public; Owner: postgres
--

ALTER TABLE public.tb_orderdetail ALTER COLUMN order_detailid ADD GENERATED BY DEFAULT AS IDENTITY (
    SEQUENCE NAME public.tb_orderdetail_order_detailid_seq
    START WITH 1
    INCREMENT BY 1
    NO MINVALUE
    NO MAXVALUE
    CACHE 1
);


--
-- Name: tb_payment; Type: TABLE; Schema: public; Owner: postgres
--

CREATE TABLE public.tb_payment (
    paymentid bigint NOT NULL,
    payment_name character varying(255) NOT NULL
);


ALTER TABLE public.tb_payment OWNER TO postgres;

--
-- Name: tb_payment_paymentid_seq; Type: SEQUENCE; Schema: public; Owner: postgres
--

ALTER TABLE public.tb_payment ALTER COLUMN paymentid ADD GENERATED BY DEFAULT AS IDENTITY (
    SEQUENCE NAME public.tb_payment_paymentid_seq
    START WITH 1
    INCREMENT BY 1
    NO MINVALUE
    NO MAXVALUE
    CACHE 1
);


--
-- Name: tb_product; Type: TABLE; Schema: public; Owner: postgres
--

CREATE TABLE public.tb_product (
    productid bigint NOT NULL,
    brandid integer,
    categoryid bigint NOT NULL,
    colorid integer,
    count integer NOT NULL,
    description character varying(255),
    dis_price double precision,
    image_url character varying(255),
    materialid integer,
    name character varying(255),
    price double precision,
    quantity integer NOT NULL
);


ALTER TABLE public.tb_product OWNER TO postgres;

--
-- Name: tb_product_productid_seq; Type: SEQUENCE; Schema: public; Owner: postgres
--

ALTER TABLE public.tb_product ALTER COLUMN productid ADD GENERATED BY DEFAULT AS IDENTITY (
    SEQUENCE NAME public.tb_product_productid_seq
    START WITH 1
    INCREMENT BY 1
    NO MINVALUE
    NO MAXVALUE
    CACHE 1
);


--
-- Name: tb_review; Type: TABLE; Schema: public; Owner: postgres
--

CREATE TABLE public.tb_review (
    reviewid bigint NOT NULL,
    comment character varying(255),
    productid bigint,
    review_date timestamp(6) without time zone,
    rating integer,
    userid bigint
);


ALTER TABLE public.tb_review OWNER TO postgres;

--
-- Name: tb_review_reviewid_seq; Type: SEQUENCE; Schema: public; Owner: postgres
--

ALTER TABLE public.tb_review ALTER COLUMN reviewid ADD GENERATED BY DEFAULT AS IDENTITY (
    SEQUENCE NAME public.tb_review_reviewid_seq
    START WITH 1
    INCREMENT BY 1
    NO MINVALUE
    NO MAXVALUE
    CACHE 1
);


--
-- Name: tb_shipping; Type: TABLE; Schema: public; Owner: postgres
--

CREATE TABLE public.tb_shipping (
    shipid bigint NOT NULL,
    city character varying(255),
    country character varying(255),
    orderid bigint,
    state character varying(255),
    street character varying(255),
    userid bigint,
    zipcode character varying(255)
);


ALTER TABLE public.tb_shipping OWNER TO postgres;

--
-- Name: tb_shipping_shipid_seq; Type: SEQUENCE; Schema: public; Owner: postgres
--

ALTER TABLE public.tb_shipping ALTER COLUMN shipid ADD GENERATED BY DEFAULT AS IDENTITY (
    SEQUENCE NAME public.tb_shipping_shipid_seq
    START WITH 1
    INCREMENT BY 1
    NO MINVALUE
    NO MAXVALUE
    CACHE 1
);


--
-- Name: tb_user; Type: TABLE; Schema: public; Owner: postgres
--

CREATE TABLE public.tb_user (
    userid bigint NOT NULL,
    address character varying(255),
    email character varying(255),
    fullname character varying(255),
    password character varying(255),
    phone character varying(255),
    username character varying(255)
);


ALTER TABLE public.tb_user OWNER TO postgres;

--
-- Name: tb_user_userid_seq; Type: SEQUENCE; Schema: public; Owner: postgres
--

ALTER TABLE public.tb_user ALTER COLUMN userid ADD GENERATED BY DEFAULT AS IDENTITY (
    SEQUENCE NAME public.tb_user_userid_seq
    START WITH 1
    INCREMENT BY 1
    NO MINVALUE
    NO MAXVALUE
    CACHE 1
);


--
-- Data for Name: tb_brand; Type: TABLE DATA; Schema: public; Owner: postgres
--

COPY public.tb_brand (brandid, description, name) FROM stdin;
1	Đồng hô sang trọng	CASIO
2	Đồng hô sang trọng	ROLEX
3	Đồng hô sang trọng	HUPLOT
4	Đồng hô sang trọng	PATEK PHILIP
5	Đồng hô sang trọng	APPLE
\.


--
-- Data for Name: tb_cart; Type: TABLE DATA; Schema: public; Owner: postgres
--

COPY public.tb_cart (cartid, productid, quantity, total_price, userid) FROM stdin;
4	10	2	44100000	2
3	9	3	7958142.72	2
\.


--
-- Data for Name: tb_categories; Type: TABLE DATA; Schema: public; Owner: postgres
--

COPY public.tb_categories (categoryid, description, name) FROM stdin;
1	Đồng hồ dành cho nam	NAM
2	Đồng hồ dành cho Nữ	NỮ
3	Đồng hồ dành cho Unisex	Unisex
\.


--
-- Data for Name: tb_color; Type: TABLE DATA; Schema: public; Owner: postgres
--

COPY public.tb_color (colorid, color_name) FROM stdin;
1	Vàng kim
2	Bạch Kim
3	Xanh da trời
4	Hồng cánh sen
5	Cam huyền bí
\.


--
-- Data for Name: tb_favorite; Type: TABLE DATA; Schema: public; Owner: postgres
--

COPY public.tb_favorite (favoriteid, count, productid, userid) FROM stdin;
3	1	2	1
4	1	1	1
5	1	3	1
6	1	6	1
7	1	5	1
8	1	7	1
9	1	8	1
10	1	1	2
12	1	3	2
\.


--
-- Data for Name: tb_invoice; Type: TABLE DATA; Schema: public; Owner: postgres
--

COPY public.tb_invoice (invoiceid, add_code, full_name, order_date, paymentid, price) FROM stdin;
\.


--
-- Data for Name: tb_material; Type: TABLE DATA; Schema: public; Owner: postgres
--

COPY public.tb_material (materialid, material_name, size) FROM stdin;
1	Bạc đính kim cương	880
2	Kim cương nguyên chất	880
3	Vàng và bạc 	770
4	Ruby xanh	880
5	Trắng - dây da	440
\.


--
-- Data for Name: tb_newspaper; Type: TABLE DATA; Schema: public; Owner: postgres
--

COPY public.tb_newspaper (id, description, image_url, title) FROM stdin;
1	Từ tên lửa tầm xa đến bom phá boongke, Israel đã dành nhiều thập kỷ và hàng tỷ đô la Mỹ để phát triển các loại vũ khí chuyên dụng phục vụ cho một cuộc tấn công tiềm tàng vào các mục tiêu nằm sâu trong lãnh thổ Iran.	20241019_142048_baibao_2121212.png	Mỹ thử nghiệm thành công tên lửa không người lái
2	Biển Đông có khả năng sắp hứng chịu cơn bão, áp thấp nhiệt đới	20241019_142147_baibao_35353534.png	Biển Đông có khả năng sắp hứng chịu cơn bão, áp thấp nhiệt đới
3	Chính quyền Donald Trump 2.0 có thể đánh dấu một giai đoạn mới cho hệ thống thương mại quốc tế, với việc tăng thuế quan mạnh mẽ và định hình lại chuỗi cung ứng toàn cầu. 	20241019_142255_baibao_5645567687980.png	Tác động tiềm tàng của chính quyền Trump 2.0 với thương mại thế giới
4	Tuyến đường biển đi qua đại dương này được coi là giải pháp thay thế để vận chuyển hàng hóa từ Nga sang Trung Quốc, trong bối cảnh các nước phương Tây tiếp tục trừng phạt Nga liên quan đến chiến dịch quân sự tại Ukraine.\r\n\r\nLực lượng hải cảnh Trung Quốc cho biết, hai tàu nói trên đã trở về Trung Quốc vào ngày 17-10, kết thúc hải trình kéo dài 35 ngày. Trong khuôn khổ hải trình có cuộc tập trận chung với Nga tại Bắc Băng Dương. Đây cũng là các tàu thường được phát hiện tại Biển Hoa Đông.	20241019_142349_baibao_6453522323.png	Tàu hải cảnh Trung Quốc về nước sau cuộc tập trận chung với Nga
5	Ngày 18-10, Văn phòng Cơ quan Cảnh sát điều tra (CSĐT) Công an tỉnh Bà Rịa - Vũng Tàu phối hợp Viện Kiểm sát Nhân dân tỉnh tống đạt quyết định khởi tố bị can, thi hành lệnh bắt bị can để tạm giam đối với 2 đối tượng về tội “Cản trở hoặc gây rối loạn hoạt động của mạng máy tính, mạng viễn thông, phương tiện điện tử”.	20241019_142611_baibao_353453453555555777.png	Bà Rịa - Vũng Tàu: Bắt các đối tượng tháo và gửi thiết bị giám sát hành trình tàu cáBà Rịa - Vũng Tàu: Bắt các đối tượng tháo và gửi thiết bị giám sát hành trình tàu cá
\.


--
-- Data for Name: tb_order; Type: TABLE DATA; Schema: public; Owner: postgres
--

COPY public.tb_order (orderid, code_order, order_date, paymentid, status, total_price, userid) FROM stdin;
1	A3K7YFJRYK	20241019_151526	1	10	244374428.16	1
2	EV2ZSY8HFP	20241019_165913	1	2	112074428.16	2
3	5BOKXBUPV0	20241019_170110	1	10	154560000	1
4	OJ8800VBNM	20241019_170509	1	10	2940000	1
\.


--
-- Data for Name: tb_orderdetail; Type: TABLE DATA; Schema: public; Owner: postgres
--

COPY public.tb_orderdetail (order_detailid, orderid, price, productid, quantity, status) FROM stdin;
1	1	7958142.72	9	3	2
2	1	44100000	10	5	2
3	2	7958142.72	9	3	\N
4	2	44100000	10	2	\N
6	3	44100000	10	2	\N
7	3	32200000	11	2	\N
5	3	980000	4	2	2
8	4	980000	4	3	2
\.


--
-- Data for Name: tb_payment; Type: TABLE DATA; Schema: public; Owner: postgres
--

COPY public.tb_payment (paymentid, payment_name) FROM stdin;
1	Thanh toán khi nhân hàng
\.


--
-- Data for Name: tb_product; Type: TABLE DATA; Schema: public; Owner: postgres
--

COPY public.tb_product (productid, brandid, categoryid, colorid, count, description, dis_price, image_url, materialid, name, price, quantity) FROM stdin;
4	3	1	1	0	Đồng hồ không chỉ là công cụ quản lý thời gian mà còn thể hiện phong cách và cá tính của người đàn ông.	2	20241019_143442_hublotnu8.png	2	HUBLOT 123	1000000	10
9	5	3	1	0	 Đồng hồ không chỉ là công cụ quản lý thời gian mà còn thể hiện phong cách và cá tính của người đàn ông.	12	20241019_144604_4tfvre5t5eyry.png	3	Apple Watch Series gold 	9043344	10
10	4	2	3	0	 Đồng hồ không chỉ là công cụ quản lý thời gian mà còn thể hiện phong cách và cá tính của người đàn ông.	2	20241019_144748_patecknu6.png	4	PATEK PHILIP NU123	45000000	10
11	1	1	2	0	 Đồng hồ không chỉ là công cụ quản lý thời gian mà còn thể hiện phong cách và cá tính của người đàn ông.	8	20241019_144846_HH8015619-den-bac-1 (1).png	1	CASIO Blue	35000000	10
12	3	2	1	0	 Đồng hồ không chỉ là công cụ quản lý thời gian mà còn thể hiện phong cách và cá tính của người đàn ông.	5	20241019_145035_hublotnu7.png	3	HUBLOT H1	7000000	10
13	5	3	5	0	 Đồng hồ không chỉ là công cụ quản lý thời gian mà còn thể hiện phong cách và cá tính của người đàn ông.	5	20241019_145213_aersefvs4534tgvdrt.png	3	Apple Watch Series Organe	30000000	10
8	5	3	1	1	 Đồng hồ không chỉ là công cụ quản lý thời gian mà còn thể hiện phong cách và cá tính của người đàn ông.	2	20241019_144415_appleeharea.png	3	Apple Watch 1	7900000	10
1	2	1	1	2	Đồng hồ không chỉ là công cụ quản lý thời gian mà còn thể hiện phong cách và cá tính của người đàn ông.	10	20241019_142823_1698120605_rolexnam6.png	3	ROLEX r135	12400000	10
6	4	1	3	1	Đồng hồ không chỉ là công cụ quản lý thời gian mà còn thể hiện phong cách và cá tính của người đàn ông.	3	20241019_143948_1698120792_patecknam5.png	4	PATEK PHILIP 12	20000000	10
5	3	2	2	1	Đồng hồ không chỉ là công cụ quản lý thời gian mà còn thể hiện phong cách và cá tính của người đàn ông.	12	20241019_143906_hublotnu5.png	1	HUBLOT 123nu	10005000	10
7	1	1	2	1	Đồng hồ không chỉ là công cụ quản lý thời gian mà còn thể hiện phong cách và cá tính của người đàn ông.	3	20241019_144110_patecknu8.png	3	CASIO 123	38000000	10
2	2	1	1	1	Đồng hồ không chỉ là công cụ quản lý thời gian mà còn thể hiện phong cách và cá tính của người đàn ông.	5	20241019_142903_dong-ho-rolex-rainbow-116595rbow-0002.jpg	2	ROLEX 123	200000000	10
3	2	2	1	2	Đồng hồ không chỉ là công cụ quản lý thời gian mà còn thể hiện phong cách và cá tính của người đàn ông.	5	20241019_143333_rolex-nu7.png	2	ROLEX NUNU	22222222	10
\.


--
-- Data for Name: tb_review; Type: TABLE DATA; Schema: public; Owner: postgres
--

COPY public.tb_review (reviewid, comment, productid, review_date, rating, userid) FROM stdin;
1	Sản phẩm tốt	9	2024-10-19 15:18:38.39	4	1
2	Sản phẩm rất tốt	10	2024-10-19 15:20:59.993	5	1
3	sản phẩm rất tốt	4	2024-10-19 17:04:27.103	4	1
4	ok	4	2024-10-19 17:05:37.409	2	1
\.


--
-- Data for Name: tb_shipping; Type: TABLE DATA; Schema: public; Owner: postgres
--

COPY public.tb_shipping (shipid, city, country, orderid, state, street, userid, zipcode) FROM stdin;
\.


--
-- Data for Name: tb_user; Type: TABLE DATA; Schema: public; Owner: postgres
--

COPY public.tb_user (userid, address, email, fullname, password, phone, username) FROM stdin;
2	Cổng trời	nguyenvana@gmail.com	Nguyễn Văn A	a665a45920422f9d417e4867efdc4fb8a04a1f3fff1fa07e998e86f7f7a27ae3	0222423435	nguyenvana
3	Bình nguyên vô tận	nguyenvanb@gmail.com	Nguyễn Văn Bê	a665a45920422f9d417e4867efdc4fb8a04a1f3fff1fa07e998e86f7f7a27ae3	0675657556	nguyenvanb
11	Bình nguyên vô tận	nguyenvanb8@gmail.com	Nguyễn Văn Bê 7	a665a45920422f9d417e4867efdc4fb8a04a1f3fff1fa07e998e86f7f7a27ae3	0675657556	nguyenvanb8
10	Bình nguyên vô tận	nguyenvanb7@gmail.com	Nguyễn Văn Bê 6	a665a45920422f9d417e4867efdc4fb8a04a1f3fff1fa07e998e86f7f7a27ae3	0675657556	nguyenvanb7
9	Bình nguyên vô tận	nguyenvanb6@gmail.com	Nguyễn Văn Bê 5	a665a45920422f9d417e4867efdc4fb8a04a1f3fff1fa07e998e86f7f7a27ae3	0675657556	nguyenvanb6
8	Bình nguyên vô tận	nguyenvanb5@gmail.com	Nguyễn Văn Bê 4	a665a45920422f9d417e4867efdc4fb8a04a1f3fff1fa07e998e86f7f7a27ae3	0675657556	nguyenvanb5
7	Bình nguyên vô tận	nguyenvanb4@gmail.com	Nguyễn Văn Bê 3	a665a45920422f9d417e4867efdc4fb8a04a1f3fff1fa07e998e86f7f7a27ae3	0675657556	nguyenvanb4
6	Bình nguyên vô tận	nguyenvanb3@gmail.com	Nguyễn Văn Bê 2	a665a45920422f9d417e4867efdc4fb8a04a1f3fff1fa07e998e86f7f7a27ae3	0675657556	nguyenvanb3
5	Bình nguyên vô tận	nguyenvanb2@gmail.com	Nguyễn Văn Bê 1	a665a45920422f9d417e4867efdc4fb8a04a1f3fff1fa07e998e86f7f7a27ae3	0675657556	nguyenvanb2
4	Bình nguyên vô tận	nguyenvanb1@gmail.com	Nguyễn Văn Bê Thui	a665a45920422f9d417e4867efdc4fb8a04a1f3fff1fa07e998e86f7f7a27ae3	0675657556	nguyenvanb1
1	Tháp mười Đồng Tháp , Cổng trời 2	huydzaa12@gmail.com	Thành Huy 2	a665a45920422f9d417e4867efdc4fb8a04a1f3fff1fa07e998e86f7f7a27ae3	0292423242423	huydang
\.


--
-- Name: tb_brand_brandid_seq; Type: SEQUENCE SET; Schema: public; Owner: postgres
--

SELECT pg_catalog.setval('public.tb_brand_brandid_seq', 5, true);


--
-- Name: tb_cart_cartid_seq; Type: SEQUENCE SET; Schema: public; Owner: postgres
--

SELECT pg_catalog.setval('public.tb_cart_cartid_seq', 7, true);


--
-- Name: tb_categories_categoryid_seq; Type: SEQUENCE SET; Schema: public; Owner: postgres
--

SELECT pg_catalog.setval('public.tb_categories_categoryid_seq', 4, true);


--
-- Name: tb_color_colorid_seq; Type: SEQUENCE SET; Schema: public; Owner: postgres
--

SELECT pg_catalog.setval('public.tb_color_colorid_seq', 5, true);


--
-- Name: tb_favorite_favoriteid_seq; Type: SEQUENCE SET; Schema: public; Owner: postgres
--

SELECT pg_catalog.setval('public.tb_favorite_favoriteid_seq', 12, true);


--
-- Name: tb_invoice_invoiceid_seq; Type: SEQUENCE SET; Schema: public; Owner: postgres
--

SELECT pg_catalog.setval('public.tb_invoice_invoiceid_seq', 1, false);


--
-- Name: tb_material_materialid_seq; Type: SEQUENCE SET; Schema: public; Owner: postgres
--

SELECT pg_catalog.setval('public.tb_material_materialid_seq', 5, true);


--
-- Name: tb_newspaper_id_seq; Type: SEQUENCE SET; Schema: public; Owner: postgres
--

SELECT pg_catalog.setval('public.tb_newspaper_id_seq', 5, true);


--
-- Name: tb_order_orderid_seq; Type: SEQUENCE SET; Schema: public; Owner: postgres
--

SELECT pg_catalog.setval('public.tb_order_orderid_seq', 4, true);


--
-- Name: tb_orderdetail_order_detailid_seq; Type: SEQUENCE SET; Schema: public; Owner: postgres
--

SELECT pg_catalog.setval('public.tb_orderdetail_order_detailid_seq', 8, true);


--
-- Name: tb_payment_paymentid_seq; Type: SEQUENCE SET; Schema: public; Owner: postgres
--

SELECT pg_catalog.setval('public.tb_payment_paymentid_seq', 1, true);


--
-- Name: tb_product_productid_seq; Type: SEQUENCE SET; Schema: public; Owner: postgres
--

SELECT pg_catalog.setval('public.tb_product_productid_seq', 14, true);


--
-- Name: tb_review_reviewid_seq; Type: SEQUENCE SET; Schema: public; Owner: postgres
--

SELECT pg_catalog.setval('public.tb_review_reviewid_seq', 4, true);


--
-- Name: tb_shipping_shipid_seq; Type: SEQUENCE SET; Schema: public; Owner: postgres
--

SELECT pg_catalog.setval('public.tb_shipping_shipid_seq', 1, false);


--
-- Name: tb_user_userid_seq; Type: SEQUENCE SET; Schema: public; Owner: postgres
--

SELECT pg_catalog.setval('public.tb_user_userid_seq', 6, true);


--
-- Name: tb_brand tb_brand_pkey; Type: CONSTRAINT; Schema: public; Owner: postgres
--

ALTER TABLE ONLY public.tb_brand
    ADD CONSTRAINT tb_brand_pkey PRIMARY KEY (brandid);


--
-- Name: tb_cart tb_cart_pkey; Type: CONSTRAINT; Schema: public; Owner: postgres
--

ALTER TABLE ONLY public.tb_cart
    ADD CONSTRAINT tb_cart_pkey PRIMARY KEY (cartid);


--
-- Name: tb_categories tb_categories_pkey; Type: CONSTRAINT; Schema: public; Owner: postgres
--

ALTER TABLE ONLY public.tb_categories
    ADD CONSTRAINT tb_categories_pkey PRIMARY KEY (categoryid);


--
-- Name: tb_color tb_color_pkey; Type: CONSTRAINT; Schema: public; Owner: postgres
--

ALTER TABLE ONLY public.tb_color
    ADD CONSTRAINT tb_color_pkey PRIMARY KEY (colorid);


--
-- Name: tb_favorite tb_favorite_pkey; Type: CONSTRAINT; Schema: public; Owner: postgres
--

ALTER TABLE ONLY public.tb_favorite
    ADD CONSTRAINT tb_favorite_pkey PRIMARY KEY (favoriteid);


--
-- Name: tb_invoice tb_invoice_pkey; Type: CONSTRAINT; Schema: public; Owner: postgres
--

ALTER TABLE ONLY public.tb_invoice
    ADD CONSTRAINT tb_invoice_pkey PRIMARY KEY (invoiceid);


--
-- Name: tb_material tb_material_pkey; Type: CONSTRAINT; Schema: public; Owner: postgres
--

ALTER TABLE ONLY public.tb_material
    ADD CONSTRAINT tb_material_pkey PRIMARY KEY (materialid);


--
-- Name: tb_newspaper tb_newspaper_pkey; Type: CONSTRAINT; Schema: public; Owner: postgres
--

ALTER TABLE ONLY public.tb_newspaper
    ADD CONSTRAINT tb_newspaper_pkey PRIMARY KEY (id);


--
-- Name: tb_order tb_order_pkey; Type: CONSTRAINT; Schema: public; Owner: postgres
--

ALTER TABLE ONLY public.tb_order
    ADD CONSTRAINT tb_order_pkey PRIMARY KEY (orderid);


--
-- Name: tb_orderdetail tb_orderdetail_pkey; Type: CONSTRAINT; Schema: public; Owner: postgres
--

ALTER TABLE ONLY public.tb_orderdetail
    ADD CONSTRAINT tb_orderdetail_pkey PRIMARY KEY (order_detailid);


--
-- Name: tb_payment tb_payment_pkey; Type: CONSTRAINT; Schema: public; Owner: postgres
--

ALTER TABLE ONLY public.tb_payment
    ADD CONSTRAINT tb_payment_pkey PRIMARY KEY (paymentid);


--
-- Name: tb_product tb_product_pkey; Type: CONSTRAINT; Schema: public; Owner: postgres
--

ALTER TABLE ONLY public.tb_product
    ADD CONSTRAINT tb_product_pkey PRIMARY KEY (productid);


--
-- Name: tb_review tb_review_pkey; Type: CONSTRAINT; Schema: public; Owner: postgres
--

ALTER TABLE ONLY public.tb_review
    ADD CONSTRAINT tb_review_pkey PRIMARY KEY (reviewid);


--
-- Name: tb_shipping tb_shipping_pkey; Type: CONSTRAINT; Schema: public; Owner: postgres
--

ALTER TABLE ONLY public.tb_shipping
    ADD CONSTRAINT tb_shipping_pkey PRIMARY KEY (shipid);


--
-- Name: tb_user tb_user_pkey; Type: CONSTRAINT; Schema: public; Owner: postgres
--

ALTER TABLE ONLY public.tb_user
    ADD CONSTRAINT tb_user_pkey PRIMARY KEY (userid);


--
-- Name: tb_cart fk1jtmgil9sryjjrdgtffm30kld; Type: FK CONSTRAINT; Schema: public; Owner: postgres
--

ALTER TABLE ONLY public.tb_cart
    ADD CONSTRAINT fk1jtmgil9sryjjrdgtffm30kld FOREIGN KEY (productid) REFERENCES public.tb_product(productid);


--
-- Name: tb_shipping fk1ni462nry124olle5g8viispd; Type: FK CONSTRAINT; Schema: public; Owner: postgres
--

ALTER TABLE ONLY public.tb_shipping
    ADD CONSTRAINT fk1ni462nry124olle5g8viispd FOREIGN KEY (userid) REFERENCES public.tb_user(userid);


--
-- Name: tb_product fk3cqn4fb1y162jeglvs97dx3k8; Type: FK CONSTRAINT; Schema: public; Owner: postgres
--

ALTER TABLE ONLY public.tb_product
    ADD CONSTRAINT fk3cqn4fb1y162jeglvs97dx3k8 FOREIGN KEY (colorid) REFERENCES public.tb_color(colorid);


--
-- Name: tb_favorite fk4wcdsma68pql22y87xxkmy2xa; Type: FK CONSTRAINT; Schema: public; Owner: postgres
--

ALTER TABLE ONLY public.tb_favorite
    ADD CONSTRAINT fk4wcdsma68pql22y87xxkmy2xa FOREIGN KEY (productid) REFERENCES public.tb_product(productid);


--
-- Name: tb_product fk6o2cwtljqpqnc46kwmva5efq7; Type: FK CONSTRAINT; Schema: public; Owner: postgres
--

ALTER TABLE ONLY public.tb_product
    ADD CONSTRAINT fk6o2cwtljqpqnc46kwmva5efq7 FOREIGN KEY (brandid) REFERENCES public.tb_brand(brandid);


--
-- Name: tb_favorite fk7bkwmwinr5bdq1558rxh7xt6f; Type: FK CONSTRAINT; Schema: public; Owner: postgres
--

ALTER TABLE ONLY public.tb_favorite
    ADD CONSTRAINT fk7bkwmwinr5bdq1558rxh7xt6f FOREIGN KEY (userid) REFERENCES public.tb_user(userid);


--
-- Name: tb_orderdetail fkall998cacx9uosbpt10sr6ysp; Type: FK CONSTRAINT; Schema: public; Owner: postgres
--

ALTER TABLE ONLY public.tb_orderdetail
    ADD CONSTRAINT fkall998cacx9uosbpt10sr6ysp FOREIGN KEY (productid) REFERENCES public.tb_product(productid);


--
-- Name: tb_product fkapqt5aitd340fqa16abf6bv9r; Type: FK CONSTRAINT; Schema: public; Owner: postgres
--

ALTER TABLE ONLY public.tb_product
    ADD CONSTRAINT fkapqt5aitd340fqa16abf6bv9r FOREIGN KEY (materialid) REFERENCES public.tb_material(materialid);


--
-- Name: tb_order fke5krmbia4gxi4l434pmj5xl1h; Type: FK CONSTRAINT; Schema: public; Owner: postgres
--

ALTER TABLE ONLY public.tb_order
    ADD CONSTRAINT fke5krmbia4gxi4l434pmj5xl1h FOREIGN KEY (userid) REFERENCES public.tb_user(userid);


--
-- Name: tb_review fkjktkgf0c0337cq7fdc3h69tdm; Type: FK CONSTRAINT; Schema: public; Owner: postgres
--

ALTER TABLE ONLY public.tb_review
    ADD CONSTRAINT fkjktkgf0c0337cq7fdc3h69tdm FOREIGN KEY (productid) REFERENCES public.tb_product(productid);


--
-- Name: tb_review fkm3jpp6emp6jme087w25uaoo72; Type: FK CONSTRAINT; Schema: public; Owner: postgres
--

ALTER TABLE ONLY public.tb_review
    ADD CONSTRAINT fkm3jpp6emp6jme087w25uaoo72 FOREIGN KEY (userid) REFERENCES public.tb_user(userid);


--
-- Name: tb_order fkogsfrgs1vmxxhm3rtw8570ds2; Type: FK CONSTRAINT; Schema: public; Owner: postgres
--

ALTER TABLE ONLY public.tb_order
    ADD CONSTRAINT fkogsfrgs1vmxxhm3rtw8570ds2 FOREIGN KEY (paymentid) REFERENCES public.tb_payment(paymentid);


--
-- Name: tb_invoice fkq7wgk6xxt3yesv6r1fhm30lqv; Type: FK CONSTRAINT; Schema: public; Owner: postgres
--

ALTER TABLE ONLY public.tb_invoice
    ADD CONSTRAINT fkq7wgk6xxt3yesv6r1fhm30lqv FOREIGN KEY (paymentid) REFERENCES public.tb_payment(paymentid);


--
-- Name: tb_product fkr1tlvvhiol0ffj67qbaal5kr5; Type: FK CONSTRAINT; Schema: public; Owner: postgres
--

ALTER TABLE ONLY public.tb_product
    ADD CONSTRAINT fkr1tlvvhiol0ffj67qbaal5kr5 FOREIGN KEY (categoryid) REFERENCES public.tb_categories(categoryid);


--
-- Name: tb_shipping fkrdksuccod932335r12rtf91w5; Type: FK CONSTRAINT; Schema: public; Owner: postgres
--

ALTER TABLE ONLY public.tb_shipping
    ADD CONSTRAINT fkrdksuccod932335r12rtf91w5 FOREIGN KEY (orderid) REFERENCES public.tb_order(orderid);


--
-- Name: tb_orderdetail fksenljd6teqsrkvdxj5l703egp; Type: FK CONSTRAINT; Schema: public; Owner: postgres
--

ALTER TABLE ONLY public.tb_orderdetail
    ADD CONSTRAINT fksenljd6teqsrkvdxj5l703egp FOREIGN KEY (orderid) REFERENCES public.tb_order(orderid);


--
-- Name: tb_cart fkt7cc984tyjdk10d5l3embtiua; Type: FK CONSTRAINT; Schema: public; Owner: postgres
--

ALTER TABLE ONLY public.tb_cart
    ADD CONSTRAINT fkt7cc984tyjdk10d5l3embtiua FOREIGN KEY (userid) REFERENCES public.tb_user(userid);


--
-- PostgreSQL database dump complete
--

